{
  "MS": [8.967570534655238, 17.371541224508658, 33.58891619941116, 48.5066501032748, 59.63497008272098],
  "MI": [-2.500047493766799, -2.1524732656689456, -1.8163929561997723, -1.5689273397862797, -1.4140738513881022],
  "CO": [-0.9610201154496696, -0.9468768581002602, -0.951552393062134, -0.9269192257726686, -0.9072280108889197]
}