{
    "method1":[
        55.09191786563765,
        260.55599222443016,
        285.4194693921091,
        659.4954761576986,
        378.7027301490127,
        940.7073391480753,
        861.7399954980028,
        892.0061801558571,
        235.91775596395345,
        389.6806932052825,
        505488.42311849556
    ],

    "method3":[
        -0.7752533563369653,
        -0.7675054578311833,
        -0.9109029806987747,
        -0.8703797361991953,
        -0.8166061004236662,
        -0.8196894209341277,
        -0.8012121191687711,
        -0.8070546035611808,
        -0.6459170900593086,
        -0.670234450493058,
        -0.9911751891210127
    ],

    "exhaustive":[
        -0.32673460121540127,
        -0.4304478379509549,
        -0.8151543609816518,
        -0.8217835816348338,
        -0.8828413765889855,
        -0.8057041618917353,
        -0.7860713704726207,
        -0.7505091572111735,
        -0.4901488778748804,
        -0.5066521110505854,
        -0.6433640388224093
    ],

    "bspline2":[
        -0.6136121211258089,
        -0.7777815914915531,
        -1.3730218709322743,
        -1.322757456616859,
        -1.2516811761085838,
        -1.2727250720962644,
        -1.2191555444995035,
        -1.2203339823783905,
        -0.7237404685454466,
        -0.7269494783448102,
        -0.7980696439792324
    ],

    "bspline1":[
        -0.8183770265986049,
        -0.8693541368981096,
        -0.9358543899758869,
        -0.9020862211818133,
        -0.8529736818286963,
        -0.8849125599552276,
        -0.8485491586924799,
        -0.8694723857395528,
        -0.7874364578831945,
        -0.799972349867456,
        -0.7979453578952495
    ],

    "displacement":[
        -0.23417373481603643,
        -0.27631740464363314,
        -0.6224339736290573,
        -0.5295811173324494,
        -0.5872266735142581,
        -0.5069075741150347,
        -0.5066590306592622,
        -0.5352321114736575,
        -0.11230225758064705,
        -0.22862613608308763,
        -0.9500534344936744
    ]
}