{
    "mean_squares":{
        "method1":[
            55.09191786563765,
            260.55599222443016,
            285.4194693921091,
            659.4954761576986,
            378.7027301490127,
            940.7073391480753,
            861.7399954980028,
            892.0061801558571,
            235.91775596395345,
            389.6806932052825,
            505488.42311849556
        ],
        "method3":[
            57.53222115858061,
            234.51374886288556,
            190.12801470523348,
            431.18515535026404,
            375.69190840513926,
            662.7540298662593,
            840.7606580047279,
            649.996698499973,
            234.88002798460204,
            386.5140926801875,
            171350932.33455807
        ],
        "bspline1":[
            44.2370081435206,
            76.70180634091102,
            136.5327822956047,
            314.1898092910794,
            294.79053819920716,
            410.10060391479254,
            703.1137390334868,
            430.501068679453,
            134.5141072826577,
            215.46103436331012,
            68093683.6140246
        ],
        "displacement":[
            30.714922302244947,
            34.80765578120131,
            37.42602608033301,
            76.04556953162387,
            71.40330827131622,
            97.06504655083396,
            257.229027220529,
            100.64446645864447,
            95.9345358944522,
            159.90154960744235,
            73762414.96250682
        ],
        "exhaustive":[
            72.9548370593778,
            308.1775820182341,
            351.45690515749624,
            767.9867228200574,
            384.9758408191955,
            1078.0574234347546,
            1064.4894092383415,
            1066.0725785012237,
            364.8919826862864,
            501.4023227861776,
            178072665.63654608
        ]
    },
    "correlation":{
        "method1":[
            -0.7811341313820529,
            -0.7430057117226521,
            -0.8678895970449064,
            -0.8063557807451915,
            -0.8142532308986256,
            -0.7496829139860012,
            -0.7992979354808569,
            -0.7350547989747005,
            -0.6480530397618791,
            -0.6611415098902645,
            -0.40101747622060646
        ],
        "method3":[
            -0.7752533563369653,
            -0.7675054578311833,
            -0.9109029806987747,
            -0.8703797361991953,
            -0.8166061004236662,
            -0.8196894209341277,
            -0.8012121191687711,
            -0.8070546035611808,
            -0.6459170900593086,
            -0.670234450493058,
            -0.9911751891210127
        ],
        "bspline1":[
            -0.8183770265986049,
            -0.8693541368981096,
            -0.9358543899758869,
            -0.9020862211818133,
            -0.8529736818286963,
            -0.8849125599552276,
            -0.8485491586924799,
            -0.8694723857395528,
            -0.7874364578831945,
            -0.799972349867456,
            -0.7979453578952495
        ],
        "displacement":[
            -0.7862051580878691,
            -0.8002684348253389,
            -0.872072542253706,
            -0.8874861488184823,
            -0.8404958161048016,
            -0.8358773957492847,
            -0.8170024951832149,
            -0.8191468891987996,
            -0.7025930247729266,
            -0.6973106602434206,
            -0.8888273617269778
        ],
        "exhaustive":[
            -0.7197016856862649,
            -0.6880523662008243,
            -0.8385345044756098,
            -0.7761271080381461,
            -0.8113989584332156,
            -0.7131821490032955,
            -0.7308038206030993,
            -0.6893065598762601,
            -0.438044298835319,
            -0.5540303999156629,
            -0.47222346364539114
        ]
    },
    "mutual_info":{
        "method1":[
            -0.35824037710153395,
            -0.4696753694820759,
            -0.8559310376827175,
            -0.8430925151613533,
            -0.8817934901698262,
            -0.8261154213416563,
            -0.8989516152166551,
            -0.7845040440472614,
            -0.5370479059889056,
            -0.5392846216005825,
            -0.5558670418054401
        ],
        "method3":[
            -0.355714414119642,
            -0.47624994360459477,
            -0.9609486453958436,
            -0.9724738156152624,
            -0.8891335966977729,
            -0.9182957860330244,
            -0.9057328501756409,
            -0.8672674396465552,
            -0.5669482261592858,
            -0.54506811055624,
            -1.6145217336229174
        ],
        "bspline1":[
            -0.35720916220230975,
            -0.5082402736867938,
            -1.0247607986361427,
            -1.0234506006268391,
            -0.935261451860922,
            -0.9808173031099515,
            -0.962126157931416,
            -0.9397058418689809,
            -0.609894283260891,
            -0.6430807981446752,
            -0.6973286935062873
        ],
        "displacement":[
            -0.5897929071225374,
            -0.73814523861544,
            -1.334603079152864,
            -1.2698763467799483,
            -1.2451222816654566,
            -1.2094900515519003,
            -1.1442846168782916,
            -1.154101976071768,
            -0.7063220622785131,
            -0.6528779755292268,
            -2.019230851107178
        ],
        "exhaustive":[
            -0.32673460121540127,
            -0.4304478379509549,
            -0.8151543609816518,
            -0.8217835816348338,
            -0.8828413765889855,
            -0.8057041618917353,
            -0.7860713704726207,
            -0.7505091572111735,
            -0.4901488778748804,
            -0.5066521110505854,
            -0.6433640388224093
        ]
    }
}