{
    "method1":{
        "A": 55.09191786563765,
        "B": 260.55599222443016,
        "C": 285.4194693921091,
        "D": 659.4954761576986,
        "E": 378.7027301490127,
        "F": 940.7073391480753,
        "G": 861.7399954980028,
        "H": 892.0061801558571,
        "I": 235.91775596395345,
        "J": 389.6806932052825,
        "K": 505488.42311849556
    },

    "method3":{
        "A": -0.7752533563369653,
        "B": -0.7675054578311833,
        "C": -0.9109029806987747,
        "D": -0.8703797361991953,
        "E": -0.8166061004236662,
        "F": -0.8196894209341277,
        "G": -0.8012121191687711,
        "H": -0.8070546035611808,
        "I": -0.6459170900593086,
        "J": -0.670234450493058,
        "K": -0.9911751891210127
    },

    "exhaustive":{
        "A": -0.32673460121540127,
        "B": -0.4304478379509549,
        "C": -0.8151543609816518,
        "D": -0.8217835816348338,
        "E": -0.8828413765889855,
        "F": -0.8057041618917353,
        "G": -0.7860713704726207,
        "H": -0.7505091572111735,
        "I": -0.4901488778748804,
        "J": -0.5066521110505854,
        "K": -0.6433640388224093
    },

    "bspline2":{
        "A": -0.6136121211258089,
        "B": -0.7777815914915531,
        "C": -1.3730218709322743,
        "D": -1.322757456616859,
        "E": -1.2516811761085838,
        "F": -1.2727250720962644,
        "G": -1.2191555444995035,
        "H": -1.2203339823783905,
        "I": -0.7237404685454466,
        "J": -0.7269494783448102,
        "K": -0.7980696439792324
    }
}