{
  "Restrictive":{
    "MI":[0.8711109872620963, 0.8941796224380607, 0.8980141469586459, 0.9224636362810451, 0.9221681128859956, 0.9407891838232653, 0.9609486810627371, 0.9710498013542936, 0.9801902127754158, 0.9742755910528412, 0.9839460036794182, 1.0, 0.9762229080119027, 0.9744719436207817, 0.9652530580724408, 0.9725809749402857, 0.97969230006735, 0.9916437422370437, 0.958004735232517, 0.9386923503206674],
    "MSE":[0.7181680794028438, 0.8795558302424866, 0.8051923103985055, 0.8587359385507257, 0.8328906520842124, 1.0, 0.9828186883954521, 0.848358505521692, 0.9956093219293441, 0.9660615827912967, 0.9028602357315137, 0.976018089030238, 0.8414184721923005, 0.7722606806224478, 0.8523477131897453, 0.9810655456943495, 0.7516590003467388, 0.7500763604515229, 0.7740102249378004, 0.7071145598145654]
  },
  "Displacement":{
    "MI":[0.9016573056353129, 0.8904908869796677, 0.9034872999986503, 0.9333888698098921, 0.9362314584651533, 0.9533970178967767, 0.9843705614953755, 1.0, 0.9862578003375693, 0.9673818576409933, 0.966851428762751, 0.9860937864462902, 0.9850859022292627, 0.966771238225811, 0.95806775941241, 0.9691005274736241, 0.9990571817580587, 0.9850370974895425, 0.9687296290421248, 0.9712258340759888],
    "MSE": [0.51861917194932, 0.5503224569356897, 0.48147051664250884, 0.44515699392445074, 0.49634902287921673, 0.524747118546689, 0.4440468515323436, 0.43306703547611436, 0.502332352108561, 0.4797220656383002, 0.39452642789774306, 0.6142390563907554, 0.584842772134993, 0.546334794866946, 1.0, 0.8918604979417396, 0.3201177810120718, 0.4543906117064946, 0.46058508149114047, 0.507600003744417]
  }
}