{
  "MI":[-0.981675182467745, -1.007671762670255, -1.011992977318521, -1.039545674096283, -1.0392126419258698, -1.0601971587984471, -1.0829153639644924, -1.0942985507803407, -1.1045990924803855, -1.097933768034203, -1.1088315803894007, -1.1269232013169208, -1.1001282446956873, -1.0981550422986532, -1.0877660662839426, -1.0960240658196387, -1.1040379830974354, -1.1175063405676606, -1.079597763104997, -1.057834188475071],
  "MS": [144.95075898704062, 118.35406532523145, 129.2846526790436, 121.22353743036957, 124.98520415520541, 104.09900818970745, 105.91883265840141, 122.70638829240299, 104.55808909862245, 107.75607895402305, 115.29913941260747, 106.65684310537645, 123.7184725912653, 134.79775780608549, 122.13209067005903, 106.10810729881594, 138.49233248279708, 138.7845473853396, 134.49306589983726, 147.21660973436397]



}