{
  "MI": [
    -1.3733036413866306,
    -1.3562962004163164,
    -1.3760908842861017,
    -1.4216336137114691,
    -1.4259631270718516,
    -1.4521077888258835,
    -1.4992832289235292,
    -1.5230882429538937,
    -1.5021576602157205,
    -1.4734079338198942,
    -1.4726000438317202,
    -1.5019078525862322,
    -1.5003727559850188,
    -1.4724779065677107,
    -1.4592217403142211,
    -1.4760256196354937,
    -1.5216522475743504,
    -1.5002984220597506,
    -1.475460708595147,
    -1.4792626491342278
  ],
  "MS": [
    33.258073247587625,
    31.342123496714485,
    35.824154983721556,
    38.74649762600606,
    34.75029387232415,
    32.869688653200434,
    38.84336607448593,
    39.8281859281461,
    34.336379761115076,
    35.95472387817687,
    43.718932848686855,
    28.080719109012556,
    29.492156234278447,
    31.570887613874852,
    17.248274408293724,
    19.33965507845652,
    53.88102577045942,
    37.95913463862439,
    37.448617207601636,
    33.980051775134434
  ]

}